ID,Pred
2021_1101_1104,0.06642241
2021_1101_1111,0.76884174
2021_1101_1116,0.09144297
2021_1101_1124,0.09928329
2021_1101_1140,0.5025765
2021_1101_1155,0.90473384
2021_1101_1156,0.6253899
2021_1101_1159,0.6113867
2021_1101_1160,0.46956134
2021_1101_1163,0.44627613
2021_1101_1166,0.8406545
2021_1101_1179,0.21177495
2021_1101_1180,0.6356079
2021_1101_1186,0.54316545
2021_1101_1196,0.54050547
2021_1101_1199,0.75382334
2021_1101_1207,0.6610276
2021_1101_1210,0.37709028
2021_1101_1211,0.03764907
2021_1101_1213,0.50501746
2021_1101_1216,0.58175707
2021_1101_1222,0.0766392
2021_1101_1228,0.110723265
2021_1101_1233,0.63316864
2021_1101_1234,0.2722386
2021_1101_1242,0.82960933
2021_1101_1251,0.21067762
2021_1101_1260,0.055604838
2021_1101_1261,0.44627613
2021_1101_1268,0.41334087
2021_1101_1276,0.031754326
2021_1101_1277,0.5252741
2021_1101_1281,0.38261747
2021_1101_1287,0.48334444
2021_1101_1291,0.5977949
2021_1101_1313,0.5971588
2021_1101_1314,0.53833795
2021_1101_1317,0.60104424
2021_1101_1325,0.50813305
2021_1101_1326,0.70268434
2021_1101_1328,0.57002056
2021_1101_1329,0.848458
2021_1101_1331,0.6713305
2021_1101_1332,0.80830425
2021_1101_1333,0.71972144
2021_1101_1345,0.27779952
2021_1101_1353,0.31084836
2021_1101_1361,0.11998005
2021_1101_1364,0.49376163
2021_1101_1382,0.34781536
2021_1101_1393,0.43730855
2021_1101_1397,0.64422995
2021_1101_1400,0.7646889
2021_1101_1403,0.22790463
2021_1101_1411,0.71477073
2021_1101_1417,0.43730855
2021_1101_1422,0.7499683
2021_1101_1425,0.6210668
2021_1101_1429,0.5387534
2021_1101_1433,0.80546063
2021_1101_1437,0.73846096
2021_1101_1438,0.7245821
2021_1101_1439,0.877049
2021_1101_1452,0.27779952
2021_1101_1455,0.76503265
2021_1101_1457,0.3223765
2021_1101_1458,0.361284
2021_1104_1111,0.7239167
2021_1104_1116,0.4467553
2021_1104_1124,0.23837276
2021_1104_1140,0.6625692
2021_1104_1155,0.6395883
2021_1104_1156,0.760113
2021_1104_1159,0.72262204
2021_1104_1160,0.25424016
2021_1104_1163,0.41875452
2021_1104_1166,0.46327585
2021_1104_1179,0.60645634
2021_1104_1180,0.7859998
2021_1104_1186,0.6819869
2021_1104_1196,0.4439097
2021_1104_1199,0.36639482
2021_1104_1207,0.69285935
2021_1104_1210,0.6560121
2021_1104_1211,0.3618542
2021_1104_1213,0.6444272
2021_1104_1216,0.7720465
2021_1104_1222,0.45455608
2021_1104_1228,0.49132156
2021_1104_1233,0.6481845
2021_1104_1234,0.25736055
2021_1104_1242,0.2257568
2021_1104_1251,0.70801854
2021_1104_1260,0.75432473
2021_1104_1261,0.6301001
2021_1104_1268,0.46738318
2021_1104_1276,0.65002006
2021_1104_1277,0.5279794
2021_1104_1281,0.5074666
2021_1104_1287,0.8234553
2021_1104_1291,0.80457634
2021_1104_1313,0.9153656
2021_1104_1314,0.70002836
2021_1104_1317,0.8155756
2021_1104_1325,0.77979755
2021_1104_1326,0.30334836
2021_1104_1328,0.66666144
2021_1104_1329,0.33066255
2021_1104_1331,0.89736784
2021_1104_1332,0.71945405
2021_1104_1333,0.81832707
2021_1104_1345,0.49186903
2021_1104_1353,0.5440186
2021_1104_1361,0.78245515
2021_1104_1364,0.86316216
2021_1104_1382,0.5974154
2021_1104_1393,0.6124833
2021_1104_1397,0.6203235
2021_1104_1400,0.35231823
2021_1104_1403,0.4724654
2021_1104_1411,0.83122236
2021_1104_1417,0.48512867
2021_1104_1422,0.83991104
2021_1104_1425,0.45586288
2021_1104_1429,0.6934784
2021_1104_1433,0.74181193
2021_1104_1437,0.46287763
2021_1104_1438,0.34101516
2021_1104_1439,0.74181193
2021_1104_1452,0.4716792
2021_1104_1455,0.7225854
2021_1104_1457,0.9188538
2021_1104_1458,0.47401407
2021_1111_1116,0.045950998
2021_1111_1124,0.060523223
2021_1111_1140,0.20437668
2021_1111_1155,0.20825665
2021_1111_1156,0.32379925
2021_1111_1159,0.1583816
2021_1111_1160,0.12726235
2021_1111_1163,0.21320255
2021_1111_1166,0.22558841
2021_1111_1179,0.2677199
2021_1111_1180,0.7957208
2021_1111_1186,0.3912003
2021_1111_1196,0.35753912
2021_1111_1199,0.14512028
2021_1111_1207,0.27547824
2021_1111_1210,0.19469488
2021_1111_1211,0.03393503
2021_1111_1213,0.27837342
2021_1111_1216,0.6690058
2021_1111_1222,0.05715763
2021_1111_1228,0.10540945
2021_1111_1233,0.31733796
2021_1111_1234,0.11973077
2021_1111_1242,0.13290976
2021_1111_1251,0.23180085
2021_1111_1260,0.07733148
2021_1111_1261,0.14589754
2021_1111_1268,0.12142037
2021_1111_1276,0.034174822
2021_1111_1277,0.3917551
2021_1111_1281,0.31613943
2021_1111_1287,0.4588889
2021_1111_1291,0.30292785
2021_1111_1313,0.7788257
2021_1111_1314,0.20868243
2021_1111_1317,0.66186655
2021_1111_1325,0.27626824
2021_1111_1326,0.061619814
2021_1111_1328,0.19251353
2021_1111_1329,0.061619814
2021_1111_1331,0.34211302
2021_1111_1332,0.10439044
2021_1111_1333,0.32199928
2021_1111_1345,0.07593627
2021_1111_1353,0.14803441
2021_1111_1361,0.07704207
2021_1111_1364,0.30431828
2021_1111_1382,0.07966695
2021_1111_1393,0.5169403
2021_1111_1397,0.079075925
2021_1111_1400,0.061619814
2021_1111_1403,0.19587262
2021_1111_1411,0.6711625
2021_1111_1417,0.35883367
2021_1111_1422,0.39829686
2021_1111_1425,0.08411023
2021_1111_1429,0.2928459
2021_1111_1433,0.1324583
2021_1111_1437,0.10894271
2021_1111_1438,0.07607855
2021_1111_1439,0.1324583
2021_1111_1452,0.08189275
2021_1111_1455,0.47351944
2021_1111_1457,0.4669206
2021_1111_1458,0.20450439
2021_1116_1124,0.26845396
2021_1116_1140,0.83791864
2021_1116_1155,0.41481113
2021_1116_1156,0.93694675
2021_1116_1159,0.86594003
2021_1116_1160,0.382476
2021_1116_1163,0.7166657
2021_1116_1166,0.70712095
2021_1116_1179,0.8807016
2021_1116_1180,0.9319988
2021_1116_1186,0.910449
2021_1116_1196,0.7422877
2021_1116_1199,0.726665
2021_1116_1207,0.8682739
2021_1116_1210,0.85563135
2021_1116_1211,0.28757674
2021_1116_1213,0.9336186
2021_1116_1216,0.9520563
2021_1116_1222,0.7066814
2021_1116_1228,0.48648524
2021_1116_1233,0.89823073
2021_1116_1234,0.4165555
2021_1116_1242,0.42287928
2021_1116_1251,0.920739
2021_1116_1260,0.7185209
2021_1116_1261,0.6092028
2021_1116_1268,0.6093753
2021_1116_1276,0.51526624
2021_1116_1277,0.62369025
2021_1116_1281,0.65688336
2021_1116_1287,0.8337825
2021_1116_1291,0.8843938
2021_1116_1313,0.9360117
2021_1116_1314,0.55727285
2021_1116_1317,0.8776717
2021_1116_1325,0.90987897
2021_1116_1326,0.57042605
2021_1116_1328,0.6842195
2021_1116_1329,0.39169666
2021_1116_1331,0.941142
2021_1116_1332,0.75220996
2021_1116_1333,0.8917465
2021_1116_1345,0.557859
2021_1116_1353,0.6761108
2021_1116_1361,0.7133447
2021_1116_1364,0.9202287
2021_1116_1382,0.68026793
2021_1116_1393,0.7429607
2021_1116_1397,0.40099406
2021_1116_1400,0.55456376
2021_1116_1403,0.45389962
2021_1116_1411,0.94238275
2021_1116_1417,0.83713675
2021_1116_1422,0.93539447
2021_1116_1425,0.5043618
2021_1116_1429,0.83789146
2021_1116_1433,0.8210703
2021_1116_1437,0.54827946
2021_1116_1438,0.5037842
2021_1116_1439,0.8210703
2021_1116_1452,0.51381505
2021_1116_1455,0.8167605
2021_1116_1457,0.91346395
2021_1116_1458,0.47626767
2021_1124_1140,0.8194942
2021_1124_1155,0.9328522
2021_1124_1156,0.9345114
2021_1124_1159,0.83842
2021_1124_1160,0.8155387
2021_1124_1163,0.87723887
2021_1124_1166,0.8194942
2021_1124_1179,0.86589617
2021_1124_1180,0.8618201
2021_1124_1186,0.8807789
2021_1124_1196,0.9393474
2021_1124_1199,0.8194942
2021_1124_1207,0.9365114
2021_1124_1210,0.87941426
2021_1124_1211,0.66587496
2021_1124_1213,0.8915147
2021_1124_1216,0.9406813
2021_1124_1222,0.70782924
2021_1124_1228,0.5379076
2021_1124_1233,0.8807789
2021_1124_1234,0.53032047
2021_1124_1242,0.7898525
2021_1124_1251,0.9223208
2021_1124_1260,0.6648876
2021_1124_1261,0.8103382
2021_1124_1268,0.8883715
2021_1124_1276,0.33603778
2021_1124_1277,0.9102672
2021_1124_1281,0.9081223
2021_1124_1287,0.87107706
2021_1124_1291,0.8981623
2021_1124_1313,0.9382005
2021_1124_1314,0.86263114
2021_1124_1317,0.90771586
2021_1124_1325,0.88004476
2021_1124_1326,0.6096639
2021_1124_1328,0.8616529
2021_1124_1329,0.8724377
2021_1124_1331,0.94854516
2021_1124_1332,0.84513605
2021_1124_1333,0.94854516
2021_1124_1345,0.80200726
2021_1124_1353,0.914157
2021_1124_1361,0.701907
2021_1124_1364,0.8775688
2021_1124_1382,0.9197407
2021_1124_1393,0.83925086
2021_1124_1397,0.79685986
2021_1124_1400,0.76347125
2021_1124_1403,0.6967075
2021_1124_1411,0.91808885
2021_1124_1417,0.89486295
2021_1124_1422,0.8768277
2021_1124_1425,0.7531473
2021_1124_1429,0.8792669
2021_1124_1433,0.8674991
2021_1124_1437,0.77466893
2021_1124_1438,0.77466893
2021_1124_1439,0.8674991
2021_1124_1452,0.78798425
2021_1124_1455,0.89486295
2021_1124_1457,0.9009392
2021_1124_1458,0.64024115
2021_1140_1155,0.5710015
2021_1140_1156,0.8502709
2021_1140_1159,0.4223009
2021_1140_1160,0.3717209
2021_1140_1163,0.31296077
2021_1140_1166,0.5120613
2021_1140_1179,0.4279179
2021_1140_1180,0.71647954
2021_1140_1186,0.49728587
2021_1140_1196,0.6431648
2021_1140_1199,0.5213477
2021_1140_1207,0.7019232
2021_1140_1210,0.14898907
2021_1140_1211,0.04920055
2021_1140_1213,0.5896044
2021_1140_1216,0.82477766
2021_1140_1222,0.0930698
2021_1140_1228,0.294794
2021_1140_1233,0.692222
2021_1140_1234,0.14857438
2021_1140_1242,0.3898853
2021_1140_1251,0.7456629
2021_1140_1260,0.2654114
2021_1140_1261,0.23245904
2021_1140_1268,0.30481064
2021_1140_1276,0.46876332
2021_1140_1277,0.30481064
2021_1140_1281,0.49658924
2021_1140_1287,0.8821724
2021_1140_1291,0.71109337
2021_1140_1313,0.88919604
2021_1140_1314,0.8332487
2021_1140_1317,0.86031836
2021_1140_1325,0.6378949
2021_1140_1326,0.44045717
2021_1140_1328,0.6355142
2021_1140_1329,0.7228166
2021_1140_1331,0.7955141
2021_1140_1332,0.60892993
2021_1140_1333,0.78822553
2021_1140_1345,0.6529451
2021_1140_1353,0.30015224
2021_1140_1361,0.48924726
2021_1140_1364,0.8743067
2021_1140_1382,0.3254632
2021_1140_1393,0.52199566
2021_1140_1397,0.3035644
2021_1140_1400,0.5074561
2021_1140_1403,0.5447828
2021_1140_1411,0.910112
2021_1140_1417,0.5114234
2021_1140_1422,0.8625585
2021_1140_1425,0.42366126
2021_1140_1429,0.41410553
2021_1140_1433,0.59958106
2021_1140_1437,0.45615914
2021_1140_1438,0.2660389
2021_1140_1439,0.46497664
2021_1140_1452,0.6973819
2021_1140_1455,0.681358
2021_1140_1457,0.65654886
2021_1140_1458,0.3624305
2021_1155_1156,0.89382666
2021_1155_1159,0.21374716
2021_1155_1160,0.4600977
2021_1155_1163,0.32793006
2021_1155_1166,0.69384533
2021_1155_1179,0.22793555
2021_1155_1180,0.6719487
2021_1155_1186,0.41700658
2021_1155_1196,0.5323836
2021_1155_1199,0.70765275
2021_1155_1207,0.3411253
2021_1155_1210,0.49154243
2021_1155_1211,0.032317664
2021_1155_1213,0.42258933
2021_1155_1216,0.8674632
2021_1155_1222,0.1267601
2021_1155_1228,0.32141507
2021_1155_1233,0.5908342
2021_1155_1234,0.2977884
2021_1155_1242,0.56677634
2021_1155_1251,0.14659458
2021_1155_1260,0.3279728
2021_1155_1261,0.60363376
2021_1155_1268,0.25319293
2021_1155_1276,0.14939624
2021_1155_1277,0.31280366
2021_1155_1281,0.6755885
2021_1155_1287,0.82755595
2021_1155_1291,0.4919486
2021_1155_1313,0.88050306
2021_1155_1314,0.85719
2021_1155_1317,0.387686
2021_1155_1325,0.577322
2021_1155_1326,0.6285154
2021_1155_1328,0.5095546
2021_1155_1329,0.6285154
2021_1155_1331,0.63991374
2021_1155_1332,0.49667898
2021_1155_1333,0.43506444
2021_1155_1345,0.5102419
2021_1155_1353,0.39326727
2021_1155_1361,0.16149655
2021_1155_1364,0.22641523
2021_1155_1382,0.1804112
2021_1155_1393,0.54067636
2021_1155_1397,0.47575977
2021_1155_1400,0.69828767
2021_1155_1403,0.5043666
2021_1155_1411,0.80292624
2021_1155_1417,0.5396672
2021_1155_1422,0.6604194
2021_1155_1425,0.38127208
2021_1155_1429,0.1876534
2021_1155_1433,0.44049358
2021_1155_1437,0.47634608
2021_1155_1438,0.70107347
2021_1155_1439,0.44049358
2021_1155_1452,0.6113276
2021_1155_1455,0.5162692
2021_1155_1457,0.5006625
2021_1155_1458,0.6441339
2021_1156_1159,0.1324359
2021_1156_1160,0.05560692
2021_1156_1163,0.049601775
2021_1156_1166,0.15033895
2021_1156_1179,0.21414103
2021_1156_1180,0.4428252
2021_1156_1186,0.17386973
2021_1156_1196,0.08832027
2021_1156_1199,0.11263648
2021_1156_1207,0.12923996
2021_1156_1210,0.057506926
2021_1156_1211,0.030761039
2021_1156_1213,0.32112962
2021_1156_1216,0.5026072
2021_1156_1222,0.05192834
2021_1156_1228,0.09059365
2021_1156_1233,0.21256304
2021_1156_1234,0.027514713
2021_1156_1242,0.045470692
2021_1156_1251,0.23780331
2021_1156_1260,0.090772435
2021_1156_1261,0.057506926
2021_1156_1268,0.13308185
2021_1156_1276,0.039035082
2021_1156_1277,0.28131548
2021_1156_1281,0.06712926
2021_1156_1287,0.3142533
2021_1156_1291,0.3901756
2021_1156_1313,0.55360293
2021_1156_1314,0.08505216
2021_1156_1317,0.15387404
2021_1156_1325,0.13221402
2021_1156_1326,0.037859514
2021_1156_1328,0.10173553
2021_1156_1329,0.08989089
2021_1156_1331,0.4352135
2021_1156_1332,0.110188104
2021_1156_1333,0.12923996
2021_1156_1345,0.041329052
2021_1156_1353,0.15817748
2021_1156_1361,0.05023456
2021_1156_1364,0.27693075
2021_1156_1382,0.099501014
2021_1156_1393,0.12419422
2021_1156_1397,0.037197243
2021_1156_1400,0.051077917
2021_1156_1403,0.043342818
2021_1156_1411,0.60143626
2021_1156_1417,0.20037541
2021_1156_1422,0.35586458
2021_1156_1425,0.136032
2021_1156_1429,0.22444242
2021_1156_1433,0.32348114
2021_1156_1437,0.085236095
2021_1156_1438,0.085236095
2021_1156_1439,0.39994943
2021_1156_1452,0.031854052
2021_1156_1455,0.4638631
2021_1156_1457,0.3022202
2021_1156_1458,0.14052407
2021_1159_1160,0.27966577
2021_1159_1163,0.65143836
2021_1159_1166,0.57319385
2021_1159_1179,0.28333327
2021_1159_1180,0.65900904
2021_1159_1186,0.55875003
2021_1159_1196,0.7484567
2021_1159_1199,0.57319385
2021_1159_1207,0.79175776
2021_1159_1210,0.62681496
2021_1159_1211,0.10208556
2021_1159_1213,0.44860387
2021_1159_1216,0.8408931
2021_1159_1222,0.12646131
2021_1159_1228,0.30876264
2021_1159_1233,0.4672266
2021_1159_1234,0.25765628
2021_1159_1242,0.5751754
2021_1159_1251,0.3253996
2021_1159_1260,0.15789625
2021_1159_1261,0.65143836
2021_1159_1268,0.7702933
2021_1159_1276,0.09877945
2021_1159_1277,0.7702933
2021_1159_1281,0.7251057
2021_1159_1287,0.6564467
2021_1159_1291,0.81390184
2021_1159_1313,0.6783054
2021_1159_1314,0.6780719
2021_1159_1317,0.61472917
2021_1159_1325,0.58413625
2021_1159_1326,0.4478233
2021_1159_1328,0.68105006
2021_1159_1329,0.612165
2021_1159_1331,0.8686857
2021_1159_1332,0.7354857
2021_1159_1333,0.8335165
2021_1159_1345,0.41564727
2021_1159_1353,0.68221796
2021_1159_1361,0.2663289
2021_1159_1364,0.4782468
2021_1159_1382,0.51886624
2021_1159_1393,0.62681496
2021_1159_1397,0.36281338
2021_1159_1400,0.55760026
2021_1159_1403,0.37351802
2021_1159_1411,0.88362396
2021_1159_1417,0.7251057
2021_1159_1422,0.65405375
2021_1159_1425,0.53915554
2021_1159_1429,0.41668198
2021_1159_1433,0.7485084
2021_1159_1437,0.52269757
2021_1159_1438,0.52269757
2021_1159_1439,0.7485084
2021_1159_1452,0.41564727
2021_1159_1455,0.76406395
2021_1159_1457,0.43005323
2021_1159_1458,0.5775269
2021_1160_1163,0.24903703
2021_1160_1166,0.6455939
2021_1160_1179,0.63989174
2021_1160_1180,0.7996247
2021_1160_1186,0.726365
2021_1160_1196,0.6548493
2021_1160_1199,0.56467414
2021_1160_1207,0.67924625
2021_1160_1210,0.21759848
2021_1160_1211,0.14677362
2021_1160_1213,0.9200367
2021_1160_1216,0.82627696
2021_1160_1222,0.10052627
2021_1160_1228,0.3596508
2021_1160_1233,0.84252703
2021_1160_1234,0.17741986
2021_1160_1242,0.63788694
2021_1160_1251,0.88039833
2021_1160_1260,0.19713151
2021_1160_1261,0.21759848
2021_1160_1268,0.3305458
2021_1160_1276,0.566886
2021_1160_1277,0.5066569
2021_1160_1281,0.2873283
2021_1160_1287,0.93616754
2021_1160_1291,0.74942136
2021_1160_1313,0.91275966
2021_1160_1314,0.46624026
2021_1160_1317,0.8932647
2021_1160_1325,0.9050455
2021_1160_1326,0.75302124
2021_1160_1328,0.55211663
2021_1160_1329,0.82146937
2021_1160_1331,0.87523305
2021_1160_1332,0.5313028
2021_1160_1333,0.8324128
2021_1160_1345,0.643218
2021_1160_1353,0.32452276
2021_1160_1361,0.55497646
2021_1160_1364,0.8534982
2021_1160_1382,0.553363
2021_1160_1393,0.5798089
2021_1160_1397,0.4221984
2021_1160_1400,0.55824953
2021_1160_1403,0.7853777
2021_1160_1411,0.9011745
2021_1160_1417,0.714633
2021_1160_1422,0.96617925
2021_1160_1425,0.65953547
2021_1160_1429,0.6836344
2021_1160_1433,0.5951948
2021_1160_1437,0.47514418
2021_1160_1438,0.3756722
2021_1160_1439,0.6720842
2021_1160_1452,0.7015206
2021_1160_1455,0.78181684
2021_1160_1457,0.88229114
2021_1160_1458,0.35269287
2021_1163_1166,0.70394534
2021_1163_1179,0.71836203
2021_1163_1180,0.8486157
2021_1163_1186,0.89917976
2021_1163_1196,0.6539165
2021_1163_1199,0.7174827
2021_1163_1207,0.51927376
2021_1163_1210,0.4356292
2021_1163_1211,0.027519098
2021_1163_1213,0.9158109
2021_1163_1216,0.9474534
2021_1163_1222,0.25050744
2021_1163_1228,0.078250095
2021_1163_1233,0.95180696
2021_1163_1234,0.49915648
2021_1163_1242,0.47146803
2021_1163_1251,0.5725252
2021_1163_1260,0.30883312
2021_1163_1261,0.60363376
2021_1163_1268,0.35978183
2021_1163_1276,0.19939324
2021_1163_1277,0.44710022
2021_1163_1281,0.6844301
2021_1163_1287,0.89146614
2021_1163_1291,0.6252798
2021_1163_1313,0.9821786
2021_1163_1314,0.820131
2021_1163_1317,0.81717736
2021_1163_1325,0.9466571
2021_1163_1326,0.53566206
2021_1163_1328,0.6819005
2021_1163_1329,0.8671535
2021_1163_1331,0.8049912
2021_1163_1332,0.56031346
2021_1163_1333,0.6339093
2021_1163_1345,0.7295888
2021_1163_1353,0.49621677
2021_1163_1361,0.2767868
2021_1163_1364,0.7189615
2021_1163_1382,0.46607843
2021_1163_1393,0.7682451
2021_1163_1397,0.48774266
2021_1163_1400,0.64906335
2021_1163_1403,0.5767672
2021_1163_1411,0.9112555
2021_1163_1417,0.8209605
2021_1163_1422,0.9466571
2021_1163_1425,0.68999803
2021_1163_1429,0.6220212
2021_1163_1433,0.76439774
2021_1163_1437,0.48832995
2021_1163_1438,0.6152541
2021_1163_1439,0.76439774
2021_1163_1452,0.78577507
2021_1163_1455,0.6174201
2021_1163_1457,0.73183805
2021_1163_1458,0.27457356
2021_1166_1179,0.47198245
2021_1166_1180,0.69596434
2021_1166_1186,0.682862
2021_1166_1196,0.65719175
2021_1166_1199,0.56467414
2021_1166_1207,0.5341247
2021_1166_1210,0.23325802
2021_1166_1211,0.05334908
2021_1166_1213,0.8880989
2021_1166_1216,0.7542979
2021_1166_1222,0.10052627
2021_1166_1228,0.24670476
2021_1166_1233,0.8991234
2021_1166_1234,0.17741986
2021_1166_1242,0.40771028
2021_1166_1251,0.59043396
2021_1166_1260,0.17755799
2021_1166_1261,0.23325802
2021_1166_1268,0.2977758
2021_1166_1276,0.44917515
2021_1166_1277,0.37155384
2021_1166_1281,0.4617085
2021_1166_1287,0.9100427
2021_1166_1291,0.6661299
2021_1166_1313,0.8988867
2021_1166_1314,0.56024504
2021_1166_1317,0.83836275
2021_1166_1325,0.86522275
2021_1166_1326,0.5074561
2021_1166_1328,0.3582408
2021_1166_1329,0.66994214
2021_1166_1331,0.75924087
2021_1166_1332,0.5673186
2021_1166_1333,0.6906807
2021_1166_1345,0.57727057
2021_1166_1353,0.2615821
2021_1166_1361,0.35715574
2021_1166_1364,0.80061066
2021_1166_1382,0.41442695
2021_1166_1393,0.657205
2021_1166_1397,0.5573189
2021_1166_1400,0.40771028
2021_1166_1403,0.5883543
2021_1166_1411,0.839302
2021_1166_1417,0.65628904
2021_1166_1422,0.958595
2021_1166_1425,0.65953547
2021_1166_1429,0.6414836
2021_1166_1433,0.6053663
2021_1166_1437,0.47514418
2021_1166_1438,0.3756722
2021_1166_1439,0.6053663
2021_1166_1452,0.71605384
2021_1166_1455,0.7889618
2021_1166_1457,0.6280832
2021_1166_1458,0.45476115
2021_1179_1180,0.76042306
2021_1179_1186,0.6981908
2021_1179_1196,0.5255988
2021_1179_1199,0.5341727
2021_1179_1207,0.71501917
2021_1179_1210,0.52294433
2021_1179_1211,0.08705666
2021_1179_1213,0.5675735
2021_1179_1216,0.83495164
2021_1179_1222,0.1898952
2021_1179_1228,0.31208563
2021_1179_1233,0.74542576
2021_1179_1234,0.14794992
2021_1179_1242,0.40068722
2021_1179_1251,0.69160384
2021_1179_1260,0.22872043
2021_1179_1261,0.4445508
2021_1179_1268,0.5311637
2021_1179_1276,0.19516583
2021_1179_1277,0.48792922
2021_1179_1281,0.51500255
2021_1179_1287,0.82011205
2021_1179_1291,0.8517807
2021_1179_1313,0.8300252
2021_1179_1314,0.4445508
2021_1179_1317,0.83611923
2021_1179_1325,0.71866584
2021_1179_1326,0.45400202
2021_1179_1328,0.5255988
2021_1179_1329,0.6144695
2021_1179_1331,0.89413995
2021_1179_1332,0.7941354
2021_1179_1333,0.7324329
2021_1179_1345,0.4935481
2021_1179_1353,0.47027525
2021_1179_1361,0.3188746
2021_1179_1364,0.6624051
2021_1179_1382,0.28596824
2021_1179_1393,0.7142892
2021_1179_1397,0.23524542
2021_1179_1400,0.87140447
2021_1179_1403,0.20983623
2021_1179_1411,0.73335093
2021_1179_1417,0.6389769
2021_1179_1422,0.73279756
2021_1179_1425,0.5470631
2021_1179_1429,0.44540367
2021_1179_1433,0.73624265
2021_1179_1437,0.5614154
2021_1179_1438,0.7114003
2021_1179_1439,0.53928953
2021_1179_1452,0.47339535
2021_1179_1455,0.73385394
2021_1179_1457,0.72865796
2021_1179_1458,0.35110667
2021_1180_1186,0.22953705
2021_1180_1196,0.17242807
2021_1180_1199,0.23049326
2021_1180_1207,0.45692497
2021_1180_1210,0.105601646
2021_1180_1211,0.028903484
2021_1180_1213,0.2376444
2021_1180_1216,0.64047045
2021_1180_1222,0.038855974
2021_1180_1228,0.03998723
2021_1180_1233,0.19188735
2021_1180_1234,0.13038933
2021_1180_1242,0.11910964
2021_1180_1251,0.14319949
2021_1180_1260,0.14053625
2021_1180_1261,0.076999135
2021_1180_1268,0.24362825
2021_1180_1276,0.029108794
2021_1180_1277,0.6401793
2021_1180_1281,0.4249469
2021_1180_1287,0.22894467
2021_1180_1291,0.16301851
2021_1180_1313,0.42982414
2021_1180_1314,0.04459518
2021_1180_1317,0.108588435
2021_1180_1325,0.1667055
2021_1180_1326,0.07501276
2021_1180_1328,0.11108074
2021_1180_1329,0.05025965
2021_1180_1331,0.23969139
2021_1180_1332,0.054047808
2021_1180_1333,0.5216674
2021_1180_1345,0.044277005
2021_1180_1353,0.3660988
2021_1180_1361,0.052993327
2021_1180_1364,0.32797837
2021_1180_1382,0.06910391
2021_1180_1393,0.12020962
2021_1180_1397,0.1380087
2021_1180_1400,0.11293597
2021_1180_1403,0.059471417
2021_1180_1411,0.48093596
2021_1180_1417,0.1600329
2021_1180_1422,0.5407732
2021_1180_1425,0.0729219
2021_1180_1429,0.4292609
2021_1180_1433,0.33504587
2021_1180_1437,0.28748274
2021_1180_1438,0.097144894
2021_1180_1439,0.33504587
2021_1180_1452,0.05125084
2021_1180_1455,0.46422505
2021_1180_1457,0.29025882
2021_1180_1458,0.18564418
2021_1186_1196,0.6930467
2021_1186_1199,0.3197147
2021_1186_1207,0.4667491
2021_1186_1210,0.35529616
2021_1186_1211,0.03444501
2021_1186_1213,0.8380319
2021_1186_1216,0.88933885
2021_1186_1222,0.06955137
2021_1186_1228,0.05964954
2021_1186_1233,0.7001131
2021_1186_1234,0.11555203
2021_1186_1242,0.090993926
2021_1186_1251,0.5088625
2021_1186_1260,0.11331588
2021_1186_1261,0.077341735
2021_1186_1268,0.4346884
2021_1186_1276,0.07261689
2021_1186_1277,0.81539726
2021_1186_1281,0.8414022
2021_1186_1287,0.63983774
2021_1186_1291,0.6119165
2021_1186_1313,0.815702
2021_1186_1314,0.04639453
2021_1186_1317,0.41339982
2021_1186_1325,0.34616303
2021_1186_1326,0.03226552
2021_1186_1328,0.24178497
2021_1186_1329,0.628419
2021_1186_1331,0.63952553
2021_1186_1332,0.15975088
2021_1186_1333,0.68959385
2021_1186_1345,0.41143316
2021_1186_1353,0.815151
2021_1186_1361,0.077102296
2021_1186_1364,0.54225504
2021_1186_1382,0.47247157
2021_1186_1393,0.72096884
2021_1186_1397,0.1380087
2021_1186_1400,0.11531993
2021_1186_1403,0.065396234
2021_1186_1411,0.8003708
2021_1186_1417,0.83837444
2021_1186_1422,0.49998826
2021_1186_1425,0.29133597
2021_1186_1429,0.33710784
2021_1186_1433,0.5387007
2021_1186_1437,0.26011652
2021_1186_1438,0.26011652
2021_1186_1439,0.5387007
2021_1186_1452,0.65756595
2021_1186_1455,0.7730088
2021_1186_1457,0.49880528
2021_1186_1458,0.44807646
2021_1196_1199,0.60554254
2021_1196_1207,0.29359818
2021_1196_1210,0.38124645
2021_1196_1211,0.04141853
2021_1196_1213,0.38391525
2021_1196_1216,0.924568
2021_1196_1222,0.14853148
2021_1196_1228,0.11072061
2021_1196_1233,0.5876833
2021_1196_1234,0.46077263
2021_1196_1242,0.67380345
2021_1196_1251,0.34579027
2021_1196_1260,0.43890038
2021_1196_1261,0.26776826
2021_1196_1268,0.26294526
2021_1196_1276,0.14499743
2021_1196_1277,0.23968205
2021_1196_1281,0.56374913
2021_1196_1287,0.8359892
2021_1196_1291,0.67076755
2021_1196_1313,0.9512878
2021_1196_1314,0.6278491
2021_1196_1317,0.66025466
2021_1196_1325,0.6065692
2021_1196_1326,0.7754321
2021_1196_1328,0.40125063
2021_1196_1329,0.53487843
2021_1196_1331,0.7374633
2021_1196_1332,0.37567323
2021_1196_1333,0.37713686
2021_1196_1345,0.53816724
2021_1196_1353,0.33160368
2021_1196_1361,0.21020456
2021_1196_1364,0.47457555
2021_1196_1382,0.5154078
2021_1196_1393,0.72309124
2021_1196_1397,0.51989615
2021_1196_1400,0.564057
2021_1196_1403,0.41897565
2021_1196_1411,0.89979213
2021_1196_1417,0.6106941
2021_1196_1422,0.51950854
2021_1196_1425,0.24734627
2021_1196_1429,0.16674303
2021_1196_1433,0.3975514
2021_1196_1437,0.3442775
2021_1196_1438,0.35699287
2021_1196_1439,0.3975514
2021_1196_1452,0.46415558
2021_1196_1455,0.33421335
2021_1196_1457,0.5383507
2021_1196_1458,0.46062654
2021_1199_1207,0.7800605
2021_1199_1210,0.4141617
2021_1199_1211,0.04288071
2021_1199_1213,0.93171495
2021_1199_1216,0.91628444
2021_1199_1222,0.11853001
2021_1199_1228,0.24670476
2021_1199_1233,0.95527786
2021_1199_1234,0.29837576
2021_1199_1242,0.6143322
2021_1199_1251,0.647335
2021_1199_1260,0.17739286
2021_1199_1261,0.29826835
2021_1199_1268,0.41167802
2021_1199_1276,0.43230945
2021_1199_1277,0.475836
2021_1199_1281,0.17406726
2021_1199_1287,0.92795825
2021_1199_1291,0.8360321
2021_1199_1313,0.9333529
2021_1199_1314,0.6326276
2021_1199_1317,0.83836275
2021_1199_1325,0.8306485
2021_1199_1326,0.48967758
2021_1199_1328,0.5878314
2021_1199_1329,0.70558
2021_1199_1331,0.80071086
2021_1199_1332,0.56833893
2021_1199_1333,0.80071086
2021_1199_1345,0.53631705
2021_1199_1353,0.3614216
2021_1199_1361,0.20508668
2021_1199_1364,0.78509897
2021_1199_1382,0.48891562
2021_1199_1393,0.49440324
2021_1199_1397,0.49420407
2021_1199_1400,0.5333045
2021_1199_1403,0.41107708
2021_1199_1411,0.8916302
2021_1199_1417,0.64378244
2021_1199_1422,0.958595
2021_1199_1425,0.62436366
2021_1199_1429,0.6331981
2021_1199_1433,0.834799
2021_1199_1437,0.5728824
2021_1199_1438,0.47514418
2021_1199_1439,0.8756833
2021_1199_1452,0.28569776
2021_1199_1455,0.77966195
2021_1199_1457,0.75956213
2021_1199_1458,0.356257
2021_1207_1210,0.2482608
2021_1207_1211,0.027166836
2021_1207_1213,0.5331727
2021_1207_1216,0.7924094
2021_1207_1222,0.045978222
2021_1207_1228,0.09471623
2021_1207_1233,0.5791775
2021_1207_1234,0.15315753
2021_1207_1242,0.18539745
2021_1207_1251,0.3419442
2021_1207_1260,0.23440094
2021_1207_1261,0.2482608
2021_1207_1268,0.46888435
2021_1207_1276,0.056487873
2021_1207_1277,0.41699922
2021_1207_1281,0.24470235
2021_1207_1287,0.60383004
2021_1207_1291,0.6624321
2021_1207_1313,0.7259901
2021_1207_1314,0.2482608
2021_1207_1317,0.83463585
2021_1207_1325,0.66959435
2021_1207_1326,0.12262231
2021_1207_1328,0.46413833
2021_1207_1329,0.088838704
2021_1207_1331,0.6741511
2021_1207_1332,0.38945144
2021_1207_1333,0.6477081
2021_1207_1345,0.07149795
2021_1207_1353,0.43561915
2021_1207_1361,0.10536243
2021_1207_1364,0.51317984
2021_1207_1382,0.18539631
2021_1207_1393,0.35366726
2021_1207_1397,0.14835757
2021_1207_1400,0.12262231
2021_1207_1403,0.10041677
2021_1207_1411,0.47378913
2021_1207_1417,0.35805908
2021_1207_1422,0.6374497
2021_1207_1425,0.11502513
2021_1207_1429,0.27858523
2021_1207_1433,0.38591734
2021_1207_1437,0.19874467
2021_1207_1438,0.14912027
2021_1207_1439,0.38591734
2021_1207_1452,0.07713535
2021_1207_1455,0.34177873
2021_1207_1457,0.63976413
2021_1207_1458,0.5267001
2021_1210_1211,0.027709676
2021_1210_1213,0.54204136
2021_1210_1216,0.9619897
2021_1210_1222,0.074783966
2021_1210_1228,0.088665254
2021_1210_1233,0.9262315
2021_1210_1234,0.13603222
2021_1210_1242,0.1313673
2021_1210_1251,0.2876094
2021_1210_1260,0.24640813
2021_1210_1261,0.38230535
2021_1210_1268,0.6080004
2021_1210_1276,0.07379871
2021_1210_1277,0.57282525
2021_1210_1281,0.7297077
2021_1210_1287,0.7628108
2021_1210_1291,0.6616022
2021_1210_1313,0.9572199
2021_1210_1314,0.47853863
2021_1210_1317,0.75384074
2021_1210_1325,0.7727537
2021_1210_1326,0.21360534
2021_1210_1328,0.45487005
2021_1210_1329,0.48908842
2021_1210_1331,0.8024269
2021_1210_1332,0.6223775
2021_1210_1333,0.53856826
2021_1210_1345,0.37085903
2021_1210_1353,0.723249
2021_1210_1361,0.21455587
2021_1210_1364,0.54796565
2021_1210_1382,0.31710544
2021_1210_1393,0.76548296
2021_1210_1397,0.55089086
2021_1210_1400,0.27090713
2021_1210_1403,0.29920712
2021_1210_1411,0.95649093
2021_1210_1417,0.74337494
2021_1210_1422,0.77605563
2021_1210_1425,0.720737
2021_1210_1429,0.19898853
2021_1210_1433,0.6240095
2021_1210_1437,0.6152541
2021_1210_1438,0.6152541
2021_1210_1439,0.6240095
2021_1210_1452,0.33071306
2021_1210_1455,0.4609126
2021_1210_1457,0.6101505
2021_1210_1458,0.3642346
2021_1211_1213,0.9782615
2021_1211_1216,0.9835638
2021_1211_1222,0.68947625
2021_1211_1228,0.51686215
2021_1211_1233,0.975878
2021_1211_1234,0.56669116
2021_1211_1242,0.9220876
2021_1211_1251,0.9655547
2021_1211_1260,0.8487403
2021_1211_1261,0.93265593
2021_1211_1268,0.9539434
2021_1211_1276,0.34568885
2021_1211_1277,0.9635057
2021_1211_1281,0.95948595
2021_1211_1287,0.95995545
2021_1211_1291,0.9690323
2021_1211_1313,0.98177284
2021_1211_1314,0.9531727
2021_1211_1317,0.98177284
2021_1211_1325,0.97297996
2021_1211_1326,0.8310263
2021_1211_1328,0.95779127
2021_1211_1329,0.9445973
2021_1211_1331,0.9832282
2021_1211_1332,0.9592093
2021_1211_1333,0.9832282
2021_1211_1345,0.9365412
2021_1211_1353,0.9613037
2021_1211_1361,0.790938
2021_1211_1364,0.9614653
2021_1211_1382,0.95496106
2021_1211_1393,0.95005417
2021_1211_1397,0.9319617
2021_1211_1400,0.91042405
2021_1211_1403,0.8741081
2021_1211_1411,0.9655844
2021_1211_1417,0.9489043
2021_1211_1422,0.96276873
2021_1211_1425,0.84744936
2021_1211_1429,0.9187807
2021_1211_1433,0.95647454
2021_1211_1437,0.94338065
2021_1211_1438,0.94338065
2021_1211_1439,0.95647454
2021_1211_1452,0.8979359
2021_1211_1455,0.93628365
2021_1211_1457,0.9365478
2021_1211_1458,0.8822231
2021_1213_1216,0.6727004
2021_1213_1222,0.056092113
2021_1213_1228,0.12938254
2021_1213_1233,0.61260706
2021_1213_1234,0.040439934
2021_1213_1242,0.3679682
2021_1213_1251,0.5961937
2021_1213_1260,0.11331588
2021_1213_1261,0.6349037
2021_1213_1268,0.38078216
2021_1213_1276,0.0781567
2021_1213_1277,0.38078216
2021_1213_1281,0.80694306
2021_1213_1287,0.7305338
2021_1213_1291,0.547453
2021_1213_1313,0.71654934
2021_1213_1314,0.49845424
2021_1213_1317,0.27405635
2021_1213_1325,0.38826
2021_1213_1326,0.2823937
2021_1213_1328,0.72262305
2021_1213_1329,0.68673366
2021_1213_1331,0.51480895
2021_1213_1332,0.37386316
2021_1213_1333,0.6752365
2021_1213_1345,0.68380225
2021_1213_1353,0.7790867
2021_1213_1361,0.13328157
2021_1213_1364,0.6026641
2021_1213_1382,0.24314392
2021_1213_1393,0.848145
2021_1213_1397,0.038888387
2021_1213_1400,0.2823937
2021_1213_1403,0.047413684
2021_1213_1411,0.70150816
2021_1213_1417,0.8042417
2021_1213_1422,0.5818307
2021_1213_1425,0.29872844
2021_1213_1429,0.2459043
2021_1213_1433,0.637932
2021_1213_1437,0.18660426
2021_1213_1438,0.18660426
2021_1213_1439,0.637932
2021_1213_1452,0.6110149
2021_1213_1455,0.7795045
2021_1213_1457,0.5746109
2021_1213_1458,0.7583768
2021_1216_1222,0.036543846
2021_1216_1228,0.046855148
2021_1216_1233,0.17730851
2021_1216_1234,0.1335924
2021_1216_1242,0.061569333
2021_1216_1251,0.14319949
2021_1216_1260,0.19608657
2021_1216_1261,0.038903434
2021_1216_1268,0.084693775
2021_1216_1276,0.027360164
2021_1216_1277,0.5406184
2021_1216_1281,0.097934954
2021_1216_1287,0.25751522
2021_1216_1291,0.19486775
2021_1216_1313,0.35759652
2021_1216_1314,0.038903434
2021_1216_1317,0.11093152
2021_1216_1325,0.082156196
2021_1216_1326,0.08734906
2021_1216_1328,0.06893782
2021_1216_1329,0.037859514
2021_1216_1331,0.08490078
2021_1216_1332,0.06317176
2021_1216_1333,0.3468983
2021_1216_1345,0.021985125
2021_1216_1353,0.06937215
2021_1216_1361,0.06195093
2021_1216_1364,0.19503585
2021_1216_1382,0.05868694
2021_1216_1393,0.1624378
2021_1216_1397,0.15892509
2021_1216_1400,0.11576735
2021_1216_1403,0.07100946
2021_1216_1411,0.48093596
2021_1216_1417,0.122803345
2021_1216_1422,0.48221672
2021_1216_1425,0.07209504
2021_1216_1429,0.4292609
2021_1216_1433,0.26963618
2021_1216_1437,0.22817238
2021_1216_1438,0.1410221
2021_1216_1439,0.26963618
2021_1216_1452,0.044209197
2021_1216_1455,0.5896629
2021_1216_1457,0.24349312
2021_1216_1458,0.13109127
2021_1222_1228,0.20281327
2021_1222_1233,0.9596125
2021_1222_1234,0.3844648
2021_1222_1242,0.67940754
2021_1222_1251,0.9587018
2021_1222_1260,0.7455245
2021_1222_1261,0.80231595
2021_1222_1268,0.93019086
2021_1222_1276,0.30797845
2021_1222_1277,0.95150757
2021_1222_1281,0.89695495
2021_1222_1287,0.96677554
2021_1222_1291,0.9690323
2021_1222_1313,0.98177284
2021_1222_1314,0.8564289
2021_1222_1317,0.9617068
2021_1222_1325,0.94378823
2021_1222_1326,0.53221345
2021_1222_1328,0.87473124
2021_1222_1329,0.83766496
2021_1222_1331,0.9832282
2021_1222_1332,0.82553893
2021_1222_1333,0.9832282
2021_1222_1345,0.65736824
2021_1222_1353,0.94862014
2021_1222_1361,0.8040612
2021_1222_1364,0.95383775
2021_1222_1382,0.8381897
2021_1222_1393,0.8401616
2021_1222_1397,0.85382885
2021_1222_1400,0.65117276
2021_1222_1403,0.78146136
2021_1222_1411,0.96347636
2021_1222_1417,0.90433675
2021_1222_1422,0.9037699
2021_1222_1425,0.8954992
2021_1222_1429,0.8799833
2021_1222_1433,0.83698547
2021_1222_1437,0.7501495
2021_1222_1438,0.813689
2021_1222_1439,0.868275
2021_1222_1452,0.65648335
2021_1222_1455,0.8804336
2021_1222_1457,0.934354
2021_1222_1458,0.6345252
2021_1228_1233,0.8991862
2021_1228_1234,0.5913198
2021_1228_1242,0.48103964
2021_1228_1251,0.93602526
2021_1228_1260,0.73258615
2021_1228_1261,0.82572794
2021_1228_1268,0.6543187
2021_1228_1276,0.5082621
2021_1228_1277,0.827989
2021_1228_1281,0.6573794
2021_1228_1287,0.87634176
2021_1228_1291,0.8774778
2021_1228_1313,0.94680005
2021_1228_1314,0.74036336
2021_1228_1317,0.904152
2021_1228_1325,0.9224684
2021_1228_1326,0.43750975
2021_1228_1328,0.78193617
2021_1228_1329,0.32060322
2021_1228_1331,0.93063956
2021_1228_1332,0.8593967
2021_1228_1333,0.8464382
2021_1228_1345,0.6306127
2021_1228_1353,0.69421256
2021_1228_1361,0.672769
2021_1228_1364,0.8920897
2021_1228_1382,0.87625444
2021_1228_1393,0.67498344
2021_1228_1397,0.5108882
2021_1228_1400,0.66301376
2021_1228_1403,0.43115294
2021_1228_1411,0.847328
2021_1228_1417,0.5683431
2021_1228_1422,0.9320596
2021_1228_1425,0.32793403
2021_1228_1429,0.86263216
2021_1228_1433,0.9021727
2021_1228_1437,0.58993495
2021_1228_1438,0.58993495
2021_1228_1439,0.8821671
2021_1228_1452,0.6254861
2021_1228_1455,0.76637065
2021_1228_1457,0.80418223
2021_1228_1458,0.5077981
2021_1233_1234,0.031962458
2021_1233_1242,0.05266381
2021_1233_1251,0.3806616
2021_1233_1260,0.11331588
2021_1233_1261,0.037789077
2021_1233_1268,0.45794514
2021_1233_1276,0.035026822
2021_1233_1277,0.52269304
2021_1233_1281,0.7713805
2021_1233_1287,0.5304893
2021_1233_1291,0.6020147
2021_1233_1313,0.5554942
2021_1233_1314,0.049158208
2021_1233_1317,0.21864611
2021_1233_1325,0.348218
2021_1233_1326,0.03226552
2021_1233_1328,0.12273077
2021_1233_1329,0.21792468
2021_1233_1331,0.57021666
2021_1233_1332,0.12218517
2021_1233_1333,0.72220945
2021_1233_1345,0.026999341
2021_1233_1353,0.815151
2021_1233_1361,0.05611566
2021_1233_1364,0.4832632
2021_1233_1382,0.14859608
2021_1233_1393,0.1993843
2021_1233_1397,0.053390637
2021_1233_1400,0.043619365
2021_1233_1403,0.053463865
2021_1233_1411,0.77354527
2021_1233_1417,0.236072
2021_1233_1422,0.4836305
2021_1233_1425,0.29872844
2021_1233_1429,0.2421099
2021_1233_1433,0.4238815
2021_1233_1437,0.26011652
2021_1233_1438,0.26011652
2021_1233_1439,0.4238815
2021_1233_1452,0.052138276
2021_1233_1455,0.81551677
2021_1233_1457,0.36490348
2021_1233_1458,0.19347838
2021_1234_1242,0.80794454
2021_1234_1251,0.9671737
2021_1234_1260,0.59536076
2021_1234_1261,0.7831411
2021_1234_1268,0.65839607
2021_1234_1276,0.6996657
2021_1234_1277,0.80191875
2021_1234_1281,0.5460418
2021_1234_1287,0.9652627
2021_1234_1291,0.87472343
2021_1234_1313,0.94673413
2021_1234_1314,0.7933619
2021_1234_1317,0.9076856
2021_1234_1325,0.895515
2021_1234_1326,0.73437166
2021_1234_1328,0.84780085
2021_1234_1329,0.61441284
2021_1234_1331,0.9289835
2021_1234_1332,0.7281331
2021_1234_1333,0.86879665
2021_1234_1345,0.6048909
2021_1234_1353,0.70173633
2021_1234_1361,0.7190328
2021_1234_1364,0.9359569
2021_1234_1382,0.85298806
2021_1234_1393,0.8865349
2021_1234_1397,0.6875922
2021_1234_1400,0.7602846
2021_1234_1403,0.3798113
2021_1234_1411,0.9444584
2021_1234_1417,0.7802677
2021_1234_1422,0.9712782
2021_1234_1425,0.64367837
2021_1234_1429,0.9373741
2021_1234_1433,0.9374185
2021_1234_1437,0.70006406
2021_1234_1438,0.70340365
2021_1234_1439,0.9260655
2021_1234_1452,0.42829728
2021_1234_1455,0.8752175
2021_1234_1457,0.92871344
2021_1234_1458,0.6023181
2021_1242_1251,0.3298351
2021_1242_1260,0.37791625
2021_1242_1261,0.40240157
2021_1242_1268,0.56650853
2021_1242_1276,0.4539791
2021_1242_1277,0.75353986
2021_1242_1281,0.74108595
2021_1242_1287,0.90078276
2021_1242_1291,0.7927325
2021_1242_1313,0.95777124
2021_1242_1314,0.6140701
2021_1242_1317,0.8786838
2021_1242_1325,0.9383972
2021_1242_1326,0.4332469
2021_1242_1328,0.58987004
2021_1242_1329,0.72178334
2021_1242_1331,0.86053437
2021_1242_1332,0.5430136
2021_1242_1333,0.79661626
2021_1242_1345,0.5626282
2021_1242_1353,0.66481805
2021_1242_1361,0.1975543
2021_1242_1364,0.33889335
2021_1242_1382,0.1434745
2021_1242_1393,0.83916736
2021_1242_1397,0.4898489
2021_1242_1400,0.6113859
2021_1242_1403,0.38401586
2021_1242_1411,0.8680612
2021_1242_1417,0.66093427
2021_1242_1422,0.93614894
2021_1242_1425,0.4625217
2021_1242_1429,0.59079045
2021_1242_1433,0.8410542
2021_1242_1437,0.5649788
2021_1242_1438,0.60216796
2021_1242_1439,0.8410542
2021_1242_1452,0.614555
2021_1242_1455,0.82764274
2021_1242_1457,0.7394685
2021_1242_1458,0.79032207
2021_1251_1260,0.2080806
2021_1251_1261,0.79912
2021_1251_1268,0.447545
2021_1251_1276,0.03220347
2021_1251_1277,0.38166305
2021_1251_1281,0.40454265
2021_1251_1287,0.4123775
2021_1251_1291,0.82722914
2021_1251_1313,0.85005146
2021_1251_1314,0.40454265
2021_1251_1317,0.62114006
2021_1251_1325,0.4916383
2021_1251_1326,0.7646889
2021_1251_1328,0.49788338
2021_1251_1329,0.6930458
2021_1251_1331,0.74478126
2021_1251_1332,0.6924276
2021_1251_1333,0.5260035
2021_1251_1345,0.7623406
2021_1251_1353,0.38830298
2021_1251_1361,0.12940137
2021_1251_1364,0.3616152
2021_1251_1382,0.18186043
2021_1251_1393,0.47703
2021_1251_1397,0.06916577
2021_1251_1400,0.6930458
2021_1251_1403,0.10641031
2021_1251_1411,0.8197716
2021_1251_1417,0.57544255
2021_1251_1422,0.5758775
2021_1251_1425,0.24986856
2021_1251_1429,0.32284132
2021_1251_1433,0.78737426
2021_1251_1437,0.47408372
2021_1251_1438,0.53791946
2021_1251_1439,0.8029889
2021_1251_1452,0.7623406
2021_1251_1455,0.6814804
2021_1251_1457,0.52228886
2021_1251_1458,0.34150836
2021_1260_1261,0.6501874
2021_1260_1268,0.6755882
2021_1260_1276,0.11235674
2021_1260_1277,0.8430316
2021_1260_1281,0.4456867
2021_1260_1287,0.8876864
2021_1260_1291,0.93210745
2021_1260_1313,0.9636208
2021_1260_1314,0.7320348
2021_1260_1317,0.8428404
2021_1260_1325,0.8300573
2021_1260_1326,0.6155574
2021_1260_1328,0.66048926
2021_1260_1329,0.862043
2021_1260_1331,0.9436616
2021_1260_1332,0.74529284
2021_1260_1333,0.9238867
2021_1260_1345,0.53998077
2021_1260_1353,0.72069204
2021_1260_1361,0.36218566
2021_1260_1364,0.861773
2021_1260_1382,0.5328818
2021_1260_1393,0.80981326
2021_1260_1397,0.44266632
2021_1260_1400,0.880854
2021_1260_1403,0.52396715
2021_1260_1411,0.90482557
2021_1260_1417,0.80981326
2021_1260_1422,0.9110701
2021_1260_1425,0.7272629
2021_1260_1429,0.8178581
2021_1260_1433,0.900615
2021_1260_1437,0.8758652
2021_1260_1438,0.8091286
2021_1260_1439,0.8918906
2021_1260_1452,0.53426
2021_1260_1455,0.8294812
2021_1260_1457,0.73024195
2021_1260_1458,0.56730837
2021_1261_1268,0.6048646
2021_1261_1276,0.1035017
2021_1261_1277,0.6153572
2021_1261_1281,0.86149395
2021_1261_1287,0.896678
2021_1261_1291,0.8192595
2021_1261_1313,0.97042173
2021_1261_1314,0.76283824
2021_1261_1317,0.9080931
2021_1261_1325,0.8556345
2021_1261_1326,0.15056287
2021_1261_1328,0.5566165
2021_1261_1329,0.69414824
2021_1261_1331,0.8275334
2021_1261_1332,0.32216948
2021_1261_1333,0.47967887
2021_1261_1345,0.41635367
2021_1261_1353,0.3593536
2021_1261_1361,0.23518273
2021_1261_1364,0.6817669
2021_1261_1382,0.51570714
2021_1261_1393,0.9175536
2021_1261_1397,0.55089086
2021_1261_1400,0.60548687
2021_1261_1403,0.45646843
2021_1261_1411,0.9671477
2021_1261_1417,0.83721393
2021_1261_1422,0.82391953
2021_1261_1425,0.7384442
2021_1261_1429,0.41579452
2021_1261_1433,0.5874632
2021_1261_1437,0.6152541
2021_1261_1438,0.6152541
2021_1261_1439,0.5874632
2021_1261_1452,0.44022062
2021_1261_1455,0.49534214
2021_1261_1457,0.6787972
2021_1261_1458,0.537678
2021_1268_1276,0.10764729
2021_1268_1277,0.5245585
2021_1268_1281,0.700742
2021_1268_1287,0.71004486
2021_1268_1291,0.8700315
2021_1268_1313,0.7582035
2021_1268_1314,0.55625737
2021_1268_1317,0.7627614
2021_1268_1325,0.5972173
2021_1268_1326,0.18458779
2021_1268_1328,0.59308565
2021_1268_1329,0.193431
2021_1268_1331,0.7145143
2021_1268_1332,0.58792895
2021_1268_1333,0.7531704
2021_1268_1345,0.15924254
2021_1268_1353,0.6652584
2021_1268_1361,0.29364038
2021_1268_1364,0.6850323
2021_1268_1382,0.34851348
2021_1268_1393,0.71709174
2021_1268_1397,0.34700096
2021_1268_1400,0.193431
2021_1268_1403,0.6724451
2021_1268_1411,0.82452893
2021_1268_1417,0.6874531
2021_1268_1422,0.68702644
2021_1268_1425,0.51450974
2021_1268_1429,0.4438866
2021_1268_1433,0.6545509
2021_1268_1437,0.47472063
2021_1268_1438,0.20547019
2021_1268_1439,0.5693097
2021_1268_1452,0.24571455
2021_1268_1455,0.6545509
2021_1268_1457,0.6830266
2021_1268_1458,0.5424508
2021_1276_1277,0.8821514
2021_1276_1281,0.90399355
2021_1276_1287,0.9614836
2021_1276_1291,0.9665191
2021_1276_1313,0.98232174
2021_1276_1314,0.9333066
2021_1276_1317,0.98232174
2021_1276_1325,0.96659553
2021_1276_1326,0.7498084
2021_1276_1328,0.9331144
2021_1276_1329,0.8727574
2021_1276_1331,0.98071367
2021_1276_1332,0.9242169
2021_1276_1333,0.9632306
2021_1276_1345,0.82590777
2021_1276_1353,0.89829737
2021_1276_1361,0.8322333
2021_1276_1364,0.97033125
2021_1276_1382,0.9639736
2021_1276_1393,0.8938223
2021_1276_1397,0.76332057
2021_1276_1400,0.7887882
2021_1276_1403,0.63866264
2021_1276_1411,0.95225275
2021_1276_1417,0.829266
2021_1276_1422,0.9741837
2021_1276_1425,0.67557317
2021_1276_1429,0.9392035
2021_1276_1433,0.9723899
2021_1276_1437,0.8380463
2021_1276_1438,0.72285867
2021_1276_1439,0.9584942
2021_1276_1452,0.5615018
2021_1276_1455,0.8406329
2021_1276_1457,0.92997324
2021_1276_1458,0.7477618
2021_1277_1281,0.6194919
2021_1277_1287,0.5526833
2021_1277_1291,0.37245622
2021_1277_1313,0.62642765
2021_1277_1314,0.6792382
2021_1277_1317,0.74977505
2021_1277_1325,0.4110565
2021_1277_1326,0.15298508
2021_1277_1328,0.6025935
2021_1277_1329,0.16061248
2021_1277_1331,0.44217408
2021_1277_1332,0.53235495
2021_1277_1333,0.48386505
2021_1277_1345,0.19319329
2021_1277_1353,0.44119164
2021_1277_1361,0.12946542
2021_1277_1364,0.56591636
2021_1277_1382,0.3222181
2021_1277_1393,0.7520189
2021_1277_1397,0.0988163
2021_1277_1400,0.15298508
2021_1277_1403,0.5621435
2021_1277_1411,0.4003654
2021_1277_1417,0.6733622
2021_1277_1422,0.6352453
2021_1277_1425,0.45815954
2021_1277_1429,0.3884673
2021_1277_1433,0.270671
2021_1277_1437,0.1258317
2021_1277_1438,0.1258317
2021_1277_1439,0.270671
2021_1277_1452,0.19700654
2021_1277_1455,0.5133034
2021_1277_1457,0.37775213
2021_1277_1458,0.37353337
2021_1281_1287,0.44628173
2021_1281_1291,0.6901146
2021_1281_1313,0.57728314
2021_1281_1314,0.4110176
2021_1281_1317,0.6233527
2021_1281_1325,0.4873515
2021_1281_1326,0.31980115
2021_1281_1328,0.3036603
2021_1281_1329,0.6000604
2021_1281_1331,0.7912857
2021_1281_1332,0.35019752
2021_1281_1333,0.50717
2021_1281_1345,0.39859876
2021_1281_1353,0.34644195
2021_1281_1361,0.20844808
2021_1281_1364,0.47457555
2021_1281_1382,0.32559177
2021_1281_1393,0.55818534
2021_1281_1397,0.43008843
2021_1281_1400,0.39141175
2021_1281_1403,0.27290592
2021_1281_1411,0.86346674
2021_1281_1417,0.56290495
2021_1281_1422,0.42874628
2021_1281_1425,0.39432195
2021_1281_1429,0.1905971
2021_1281_1433,0.25772437
2021_1281_1437,0.70620495
2021_1281_1438,0.57825
2021_1281_1439,0.34238303
2021_1281_1452,0.2320609
2021_1281_1455,0.35125163
2021_1281_1457,0.5383507
2021_1281_1458,0.2810215
2021_1287_1291,0.7681261
2021_1287_1313,0.6210847
2021_1287_1314,0.0996988
2021_1287_1317,0.46206647
2021_1287_1325,0.2587247
2021_1287_1326,0.037859514
2021_1287_1328,0.09904469
2021_1287_1329,0.07016866
2021_1287_1331,0.77464557
2021_1287_1332,0.12671052
2021_1287_1333,0.64257574
2021_1287_1345,0.04002175
2021_1287_1353,0.3040217
2021_1287_1361,0.052295145
2021_1287_1364,0.27481392
2021_1287_1382,0.16412668
2021_1287_1393,0.17913382
2021_1287_1397,0.048397273
2021_1287_1400,0.1190283
2021_1287_1403,0.05342861
2021_1287_1411,0.66604906
2021_1287_1417,0.16246589
2021_1287_1422,0.39905488
2021_1287_1425,0.11531689
2021_1287_1429,0.18107271
2021_1287_1433,0.5063208
2021_1287_1437,0.11495506
2021_1287_1438,0.085236095
2021_1287_1439,0.439338
2021_1287_1452,0.059354343
2021_1287_1455,0.54669946
2021_1287_1457,0.327758
2021_1287_1458,0.28813505
2021_1291_1313,0.8152732
2021_1291_1314,0.24841633
2021_1291_1317,0.7104217
2021_1291_1325,0.32360816
2021_1291_1326,0.061619814
2021_1291_1328,0.23006387
2021_1291_1329,0.061619814
2021_1291_1331,0.3945843
2021_1291_1332,0.12746544
2021_1291_1333,0.4660696
2021_1291_1345,0.049304526
2021_1291_1353,0.28017002
2021_1291_1361,0.07422424
2021_1291_1364,0.35411292
2021_1291_1382,0.097874165
2021_1291_1393,0.51511556
2021_1291_1397,0.097162314
2021_1291_1400,0.061619814
2021_1291_1403,0.2338884
2021_1291_1411,0.6791621
2021_1291_1417,0.4517459
2021_1291_1422,0.4534459
2021_1291_1425,0.10321903
2021_1291_1429,0.34168535
2021_1291_1433,0.16062483
2021_1291_1437,0.13287468
2021_1291_1438,0.07607855
2021_1291_1439,0.16062483
2021_1291_1452,0.08189275
2021_1291_1455,0.5299112
2021_1291_1457,0.3923152
2021_1291_1458,0.36542535
2021_1313_1314,0.045628127
2021_1313_1317,0.22925246
2021_1313_1325,0.13067368
2021_1313_1326,0.07501276
2021_1313_1328,0.059033558
2021_1313_1329,0.03226552
2021_1313_1331,0.42906952
2021_1313_1332,0.06289543
2021_1313_1333,0.72220945
2021_1313_1345,0.01869111
2021_1313_1353,0.5729198
2021_1313_1361,0.052993327
2021_1313_1364,0.2852529
2021_1313_1382,0.06910391
2021_1313_1393,0.24582335
2021_1313_1397,0.1380087
2021_1313_1400,0.09985669
2021_1313_1403,0.04237674
2021_1313_1411,0.7548362
2021_1313_1417,0.24697411
2021_1313_1422,0.70980924
2021_1313_1425,0.136001
2021_1313_1429,0.45099768
2021_1313_1433,0.30509067
2021_1313_1437,0.26011652
2021_1313_1438,0.16334738
2021_1313_1439,0.30509067
2021_1313_1452,0.052138276
2021_1313_1455,0.5995578
2021_1313_1457,0.27393192
2021_1313_1458,0.15212278
2021_1314_1317,0.8459474
2021_1314_1325,0.8556345
2021_1314_1326,0.21360534
2021_1314_1328,0.30907723
2021_1314_1329,0.37951326
2021_1314_1331,0.78808254
2021_1314_1332,0.18322633
2021_1314_1333,0.47967887
2021_1314_1345,0.15066424
2021_1314_1353,0.30523214
2021_1314_1361,0.22865868
2021_1314_1364,0.6207562
2021_1314_1382,0.32559177
2021_1314_1393,0.888689
2021_1314_1397,0.33974004
2021_1314_1400,0.58323264
2021_1314_1403,0.3777172
2021_1314_1411,0.95479053
2021_1314_1417,0.78675896
2021_1314_1422,0.82391953
2021_1314_1425,0.3863011
2021_1314_1429,0.35224035
2021_1314_1433,0.46730202
2021_1314_1437,0.5535823
2021_1314_1438,0.36939597
2021_1314_1439,0.46730202
2021_1314_1452,0.31876487
2021_1314_1455,0.4763162
2021_1314_1457,0.6787972
2021_1314_1458,0.30219978
2021_1317_1325,0.2916226
2021_1317_1326,0.087000646
2021_1317_1328,0.27254146
2021_1317_1329,0.3456374
2021_1317_1331,0.3228195
2021_1317_1332,0.07481577
2021_1317_1333,0.32512197
2021_1317_1345,0.430388
2021_1317_1353,0.55600655
2021_1317_1361,0.1022845
2021_1317_1364,0.33334637
2021_1317_1382,0.24588811
2021_1317_1393,0.33051562
2021_1317_1397,0.1380087
2021_1317_1400,0.11531993
2021_1317_1403,0.09418671
2021_1317_1411,0.81601864
2021_1317_1417,0.3892563
2021_1317_1422,0.43742597
2021_1317_1425,0.1603125
2021_1317_1429,0.44457456
2021_1317_1433,0.3288015
2021_1317_1437,0.28748274
2021_1317_1438,0.20719746
2021_1317_1439,0.3288015
2021_1317_1452,0.2644538
2021_1317_1455,0.5273472
2021_1317_1457,0.29581815
2021_1317_1458,0.13659622
2021_1325_1326,0.056636818
2021_1325_1328,0.2393234
2021_1325_1329,0.4147284
2021_1325_1331,0.6490381
2021_1325_1332,0.15975088
2021_1325_1333,0.6301445
2021_1325_1345,0.18160096
2021_1325_1353,0.815151
2021_1325_1361,0.10797987
2021_1325_1364,0.60155934
2021_1325_1382,0.45487922
2021_1325_1393,0.38310444
2021_1325_1397,0.1380087
2021_1325_1400,0.11531993
2021_1325_1403,0.074025
2021_1325_1411,0.80728996
2021_1325_1417,0.7613959
2021_1325_1422,0.58937687
2021_1325_1425,0.36782813
2021_1325_1429,0.44566235
2021_1325_1433,0.5387007
2021_1325_1437,0.26011652
2021_1325_1438,0.26011652
2021_1325_1439,0.5387007
2021_1325_1452,0.20877741
2021_1325_1455,0.75696343
2021_1325_1457,0.3673665
2021_1325_1458,0.21320175
2021_1326_1328,0.56327814
2021_1326_1329,0.60918343
2021_1326_1331,0.8260202
2021_1326_1332,0.5430136
2021_1326_1333,0.7508634
2021_1326_1345,0.65537834
2021_1326_1353,0.7369273
2021_1326_1361,0.1975543
2021_1326_1364,0.2653235
2021_1326_1382,0.13196488
2021_1326_1393,0.8479314
2021_1326_1397,0.27492124
2021_1326_1400,0.6997836
2021_1326_1403,0.38401586
2021_1326_1411,0.8964914
2021_1326_1417,0.71957815
2021_1326_1422,0.93614894
2021_1326_1425,0.4625217
2021_1326_1429,0.50424576
2021_1326_1433,0.90209454
2021_1326_1437,0.45823398
2021_1326_1438,0.5649788
2021_1326_1439,0.90209454
2021_1326_1452,0.71509755
2021_1326_1455,0.82764274
2021_1326_1457,0.6666245
2021_1326_1458,0.79032207
2021_1328_1329,0.49780768
2021_1328_1331,0.7948913
2021_1328_1332,0.24309558
2021_1328_1333,0.5626659
2021_1328_1345,0.54127043
2021_1328_1353,0.37220028
2021_1328_1361,0.25423694
2021_1328_1364,0.5173918
2021_1328_1382,0.443156
2021_1328_1393,0.7560655
2021_1328_1397,0.6840167
2021_1328_1400,0.6030273
2021_1328_1403,0.4480496
2021_1328_1411,0.92636114
2021_1328_1417,0.650585
2021_1328_1422,0.6266961
2021_1328_1425,0.29681462
2021_1328_1429,0.19193165
2021_1328_1433,0.35000652
2021_1328_1437,0.30329776
2021_1328_1438,0.30329776
2021_1328_1439,0.35000652
2021_1328_1452,0.5733989
2021_1328_1455,0.38346317
2021_1328_1457,0.5805632
2021_1328_1458,0.44688678
2021_1329_1331,0.7632289
2021_1329_1332,0.35749575
2021_1329_1333,0.7945262
2021_1329_1345,0.39440814
2021_1329_1353,0.63230467
2021_1329_1361,0.13967438
2021_1329_1364,0.2653235
2021_1329_1382,0.17825432
2021_1329_1393,0.8248156
2021_1329_1397,0.5144115
2021_1329_1400,0.5682043
2021_1329_1403,0.39328098
2021_1329_1411,0.88350743
2021_1329_1417,0.6481628
2021_1329_1422,0.7887571
2021_1329_1425,0.24816434
2021_1329_1429,0.27208203
2021_1329_1433,0.6439227
2021_1329_1437,0.56497663
2021_1329_1438,0.46711218
2021_1329_1439,0.6439227
2021_1329_1452,0.5578699
2021_1329_1455,0.7607217
2021_1329_1457,0.6666245
2021_1329_1458,0.59028345
2021_1331_1332,0.12746544
2021_1331_1333,0.39064088
2021_1331_1345,0.15228362
2021_1331_1353,0.41375387
2021_1331_1361,0.07422424
2021_1331_1364,0.35411292
2021_1331_1382,0.097874165
2021_1331_1393,0.5728764
2021_1331_1397,0.097162314
2021_1331_1400,0.061619814
2021_1331_1403,0.2338884
2021_1331_1411,0.8323386
2021_1331_1417,0.5198996
2021_1331_1422,0.40535957
2021_1331_1425,0.10321903
2021_1331_1429,0.34168535
2021_1331_1433,0.40075022
2021_1331_1437,0.13287468
2021_1331_1438,0.13287468
2021_1331_1439,0.40075022
2021_1331_1452,0.08189275
2021_1331_1455,0.5299112
2021_1331_1457,0.3923152
2021_1331_1458,0.24368776
2021_1332_1333,0.78353655
2021_1332_1345,0.5156829
2021_1332_1353,0.43509397
2021_1332_1361,0.28212255
2021_1332_1364,0.53772867
2021_1332_1382,0.4044475
2021_1332_1393,0.6689846
2021_1332_1397,0.37788674
2021_1332_1400,0.5962319
2021_1332_1403,0.43247265
2021_1332_1411,0.92467546
2021_1332_1417,0.6096648
2021_1332_1422,0.8374961
2021_1332_1425,0.3307928
2021_1332_1429,0.18163508
2021_1332_1433,0.3962541
2021_1332_1437,0.40419787
2021_1332_1438,0.5216329
2021_1332_1439,0.4635179
2021_1332_1452,0.35643288
2021_1332_1455,0.5793008
2021_1332_1457,0.52740306
2021_1332_1458,0.534525
2021_1333_1345,0.15851066
2021_1333_1353,0.3630378
2021_1333_1361,0.107898414
2021_1333_1364,0.51317984
2021_1333_1382,0.18539631
2021_1333_1393,0.61492765
2021_1333_1397,0.10835934
2021_1333_1400,0.088838704
2021_1333_1403,0.25636765
2021_1333_1411,0.57739896
2021_1333_1417,0.5631896
2021_1333_1422,0.5508841
2021_1333_1425,0.11502513
2021_1333_1429,0.21222611
2021_1333_1433,0.3047934
2021_1333_1437,0.14751479
2021_1333_1438,0.10894271
2021_1333_1439,0.3047934
2021_1333_1452,0.20517597
2021_1333_1455,0.34177873
2021_1333_1457,0.63976413
2021_1333_1458,0.383724
2021_1345_1353,0.6110589
2021_1345_1361,0.42380354
2021_1345_1364,0.6525835
2021_1345_1382,0.21003963
2021_1345_1393,0.82944477
2021_1345_1397,0.53903997
2021_1345_1400,0.37401885
2021_1345_1403,0.49935466
2021_1345_1411,0.9413985
2021_1345_1417,0.7625461
2021_1345_1422,0.89792985
2021_1345_1425,0.2530136
2021_1345_1429,0.32684156
2021_1345_1433,0.7526333
2021_1345_1437,0.56497663
2021_1345_1438,0.46711218
2021_1345_1439,0.61002815
2021_1345_1452,0.39854193
2021_1345_1455,0.71961987
2021_1345_1457,0.6993096
2021_1345_1458,0.42334688
2021_1353_1361,0.23244682
2021_1353_1364,0.532396
2021_1353_1382,0.2804244
2021_1353_1393,0.614899
2021_1353_1397,0.27908078
2021_1353_1400,0.12296123
2021_1353_1403,0.5396411
2021_1353_1411,0.78663015
2021_1353_1417,0.61942583
2021_1353_1422,0.329655
2021_1353_1425,0.3500565
2021_1353_1429,0.1822217
2021_1353_1433,0.35704085
2021_1353_1437,0.3147403
2021_1353_1438,0.11616116
2021_1353_1439,0.22847107
2021_1353_1452,0.27070725
2021_1353_1455,0.35704085
2021_1353_1457,0.5300851
2021_1353_1458,0.32093906
2021_1361_1364,0.8571026
2021_1361_1382,0.61767036
2021_1361_1393,0.6789574
2021_1361_1397,0.364092
2021_1361_1400,0.8973446
2021_1361_1403,0.39759058
2021_1361_1411,0.8528264
2021_1361_1417,0.6876324
2021_1361_1422,0.85876817
2021_1361_1425,0.48677188
2021_1361_1429,0.50732285
2021_1361_1433,0.835946
2021_1361_1437,0.7540643
2021_1361_1438,0.67207825
2021_1361_1439,0.835946
2021_1361_1452,0.50821793
2021_1361_1455,0.77604336
2021_1361_1457,0.8244332
2021_1361_1458,0.6271416
2021_1364_1382,0.20308211
2021_1364_1393,0.5294924
2021_1364_1397,0.07018873
2021_1364_1400,0.8120071
2021_1364_1403,0.06601803
2021_1364_1411,0.8427818
2021_1364_1417,0.58100724
2021_1364_1422,0.4844182
2021_1364_1425,0.20287086
2021_1364_1429,0.31042105
2021_1364_1433,0.7147364
2021_1364_1437,0.3295592
2021_1364_1438,0.25060496
2021_1364_1439,0.7147364
2021_1364_1452,0.29450962
2021_1364_1455,0.5592023
2021_1364_1457,0.47486416
2021_1364_1458,0.28323317
2021_1382_1393,0.7327922
2021_1382_1397,0.32064268
2021_1382_1400,0.75273985
2021_1382_1403,0.19425137
2021_1382_1411,0.87638015
2021_1382_1417,0.5761829
2021_1382_1422,0.6702328
2021_1382_1425,0.5413416
2021_1382_1429,0.517518
2021_1382_1433,0.47523096
2021_1382_1437,0.32602948
2021_1382_1438,0.37365097
2021_1382_1439,0.47523096
2021_1382_1452,0.82815826
2021_1382_1455,0.55398405
2021_1382_1457,0.6393641
2021_1382_1458,0.29561812
2021_1393_1397,0.1623292
2021_1393_1400,0.2196408
2021_1393_1403,0.31318134
2021_1393_1411,0.77014905
2021_1393_1417,0.44003966
2021_1393_1422,0.53894275
2021_1393_1425,0.6913311
2021_1393_1429,0.2449323
2021_1393_1433,0.22339056
2021_1393_1437,0.3901201
2021_1393_1438,0.46111262
2021_1393_1439,0.20040935
2021_1393_1452,0.26763052
2021_1393_1455,0.2399802
2021_1393_1457,0.501567
2021_1393_1458,0.16157953
2021_1397_1400,0.48814785
2021_1397_1403,0.51492125
2021_1397_1411,0.9341454
2021_1397_1417,0.792778
2021_1397_1422,0.96617925
2021_1397_1425,0.5948649
2021_1397_1429,0.7459983
2021_1397_1433,0.7189853
2021_1397_1437,0.40588972
2021_1397_1438,0.31228957
2021_1397_1439,0.7189853
2021_1397_1452,0.6930443
2021_1397_1455,0.8136504
2021_1397_1457,0.7716947
2021_1397_1458,0.65377337
2021_1400_1403,0.23731053
2021_1400_1411,0.92752916
2021_1400_1417,0.7400798
2021_1400_1422,0.9541309
2021_1400_1425,0.54157215
2021_1400_1429,0.45045513
2021_1400_1433,0.87853116
2021_1400_1437,0.49497887
2021_1400_1438,0.533208
2021_1400_1439,0.8446175
2021_1400_1452,0.26587355
2021_1400_1455,0.86778486
2021_1400_1457,0.6899808
2021_1400_1458,0.70964324
2021_1403_1411,0.90412974
2021_1403_1417,0.5309141
2021_1403_1422,0.79016924
2021_1403_1425,0.3017596
2021_1403_1429,0.7479596
2021_1403_1433,0.6254505
2021_1403_1437,0.3678743
2021_1403_1438,0.13777953
2021_1403_1439,0.7146111
2021_1403_1452,0.4885881
2021_1403_1455,0.34405035
2021_1403_1457,0.8507685
2021_1403_1458,0.45636502
2021_1411_1417,0.09555447
2021_1411_1422,0.33115268
2021_1411_1425,0.09317424
2021_1411_1429,0.38810566
2021_1411_1433,0.2178998
2021_1411_1437,0.2533286
2021_1411_1438,0.15854357
2021_1411_1439,0.2178998
2021_1411_1452,0.044209197
2021_1411_1455,0.4832897
2021_1411_1457,0.2204499
2021_1411_1458,0.115130335
2021_1417_1422,0.46869314
2021_1417_1425,0.74437547
2021_1417_1429,0.19665964
2021_1417_1433,0.21716684
2021_1417_1437,0.41451693
2021_1417_1438,0.41451693
2021_1417_1439,0.21716684
2021_1417_1452,0.28254366
2021_1417_1455,0.27331704
2021_1417_1457,0.43162844
2021_1417_1458,0.20703198
2021_1422_1425,0.18266356
2021_1422_1429,0.2672683
2021_1422_1433,0.3570163
2021_1422_1437,0.099755496
2021_1422_1438,0.099755496
2021_1422_1439,0.3570163
2021_1422_1452,0.06980137
2021_1422_1455,0.75315464
2021_1422_1457,0.2777683
2021_1422_1458,0.22171344
2021_1425_1429,0.56191516
2021_1425_1433,0.64033425
2021_1425_1437,0.28984433
2021_1425_1438,0.21478976
2021_1425_1439,0.67842185
2021_1425_1452,0.6349201
2021_1425_1455,0.47552645
2021_1425_1457,0.6583277
2021_1425_1458,0.5863652
2021_1429_1433,0.6050244
2021_1429_1437,0.34407562
2021_1429_1438,0.34407562
2021_1429_1439,0.6050244
2021_1429_1452,0.90480524
2021_1429_1455,0.60565144
2021_1429_1457,0.5993504
2021_1429_1458,0.72137445
2021_1433_1437,0.40188414
2021_1433_1438,0.18975513
2021_1433_1439,0.4779738
2021_1433_1452,0.15596662
2021_1433_1455,0.62684953
2021_1433_1457,0.4822987
2021_1433_1458,0.38460124
2021_1437_1438,0.3621707
2021_1437_1439,0.6330676
2021_1437_1452,0.48167327
2021_1437_1455,0.78402543
2021_1437_1457,0.6214801
2021_1437_1458,0.580137
2021_1438_1439,0.62117755
2021_1438_1452,0.2740107
2021_1438_1455,0.7654109
2021_1438_1457,0.6899808
2021_1438_1458,0.49329883
2021_1439_1452,0.15596662
2021_1439_1455,0.62684953
2021_1439_1457,0.4822987
2021_1439_1458,0.45800754
2021_1452_1455,0.67594653
2021_1452_1457,0.70587903
2021_1452_1458,0.57135266
2021_1455_1457,0.62021035
2021_1455_1458,0.43931177
2021_1457_1458,0.4671129
